{
  "ttm:load": {
    "criteria": {
      "requirement": "2024-06-02 19:45:53 +0000"
    },
    "done": true
  },
  "1_splatus:ultris/root": {
    "criteria": {
      "c1": "2024-06-02 19:45:53 +0000"
    },
    "done": true
  },
  "minecraft:recipes/decorations/crafting_table": {
    "criteria": {
      "unlock_right_away": "2024-06-02 19:45:53 +0000"
    },
    "done": true
  },
  "betterdeserttemples:root": {
    "criteria": {
      "always": "2024-06-02 19:45:53 +0000"
    },
    "done": true
  },
  "ttm:magic/projectile_updater": {
    "criteria": {
      "requirement": "2024-06-02 19:45:53 +0000"
    },
    "done": true
  },
  "ttm:_display/root": {
    "criteria": {
      "requirement": "2024-06-02 19:45:53 +0000"
    },
    "done": true
  },
  "minecraft:adventure/adventuring_time": {
    "criteria": {
      "minecraft:birch_forest": "2024-06-02 19:45:55 +0000"
    },
    "done": false
  },
  "tombstone:adventure/root": {
    "criteria": {
      "auto": "2024-06-02 19:45:55 +0000"
    },
    "done": true
  },
  "regions_unexplored:parent": {
    "criteria": {
      "load_in_world": "2024-06-02 19:45:55 +0000"
    },
    "done": true
  },
  "DataVersion": 3465
}